<?xml version="1.0" encoding="UTF-8" ?>
<!DOCTYPE configuration
        PUBLIC "-//mybatis.org//DTD Config 3.0//EN"
        "https://mybatis.org/dtd/mybatis-3-config.dtd">
<configuration>
    <environments default="development">
        <environment id="development">
            <transactionManager type="JDBC"/>
            <!--数据库连接-->
            <dataSource type="POOLED">
                <property name="driver" value="com.mysql.cj.jdbc.Driver"/>
                <property name="url"
                          value="jdbc:mysql://127.0.0.1:3306/taojin?useSSL=false&amp;characterEncoding=utf-8"/>
                <property name="username" value="root"/>
                <property name="password" value="password"/>
            </dataSource>
        </environment>
    </environments>
    <mappers>
        <!--数据库表映射-->
        <!--        <mapper resource="com/com.taojin/mapper/TUsersMapper.xml"/>-->
        <package name="com.taojin.mapper"/>
    </mappers>
</configuration>