{
  "homeInfo": {
    "title": "首页",
    "href": "adminHome.jsp"
  },
  "logoInfo": {
    "title": "",
    "image": "../images/logo-manage.png"
  },
  "menuInfo": [
    {
      "title": "在售管理",
      "icon": "fa fa-address-book",
      "href": "",
      "target": "_self",
      "child": [
        {
          "title": "上架审核",
          "href": "",
          "icon": "fa fa-code-fork",
          "target": "_self"
        },
        {
          "title": "商品管理",
          "href": "goodsSelling.jsp",
          "icon": "fa fa-edit",
          "target": "_self"
        },
        {
          "title": "评论管理",
          "href": "comment.jsp",
          "icon": "fa fa-list",
          "target": "_self"
        }
      ]
    },
    {
      "title": "求购管理",
      "icon": "fa fa-lemon-o",
      "href": "",
      "target": "_self",
      "child": [
        {
          "title": "求购审核",
          "href": "",
          "icon": "fa fa-code-fork",
          "target": "_self"
        },
        {
          "title": "管理求购商品",
          "href": "goodsRequesting.jsp",
          "icon": "fa fa-edit",
          "target": "_self"
        }
      ]
    },
    {
      "title": "用户管理",
      "icon": "fa fa-slideshare",
      "href": "",
      "target": "_self",
      "child": [
        {
          "title": "管理在线用户",
          "href": "usersOnline.jsp",
          "icon": "fa fa-user",
          "target": ""
        },
        {
          "title": "管理已注册用户",
          "href": "users.jsp",
          "icon": "fa fa-users",
          "target": "_self"
        }
      ]
    }
  ]
}