{
  "status": 0,
  "infoList": [
    {
      "img": "../res/img/paging_img1.jpg",
      "title": "宝宝T恤棉质小衫",
      "color": "粉色",
      "cm": "130",
      "price": "189.00"
    },
    {
      "img": "../res/img/paging_img2.jpg",
      "title": "宝宝T恤棉质小衫",
      "color": "粉色",
      "cm": "130",
      "price": "189.00"
    },
    {
      "img": "../res/img/paging_img3.jpg",
      "title": "宝宝T恤棉质小衫",
      "color": "粉色",
      "cm": "130",
      "price": "189.00"
    }
  ]
}