<?xml version="1.0" encoding="UTF-8" ?>
<!DOCTYPE mapper
        PUBLIC "-//mybatis.org//DTD Mapper 3.0//EN"
        "https://mybatis.org/dtd/mybatis-3-mapper.dtd">
<mapper namespace="com.taojin.mapper.TGoodsReviewsMapper">
    <insert id="add" useGeneratedKeys="true" keyProperty="id">
        insert into tgoodsreviews(userId, goodsId
        <if test="goodsReviewTime != null">,goodsReviewTime</if>
        <if test="goodsReviewDetail != null">,goodsReviewDetail</if>)
        values (#{userId},#{goodsId}
        <if test="goodsReviewTime != null">,
        #{goodsReviewTime}</if>
        <if test="goodsReviewDetail != null">,
        #{goodsReviewDetail}</if>);
    </insert>
    <delete id="delete">
        delete from tgoodsreviews where id in (
        <foreach collection="ids" item="id" separator=",">
            #{id}
        </foreach>);
    </delete>
    <select id="selectAll" resultType="com.taojin.pojo.TGoodsReviews">
        select *
        from tgoodsreviews;
    </select>
    <select id="selectByTGoodsId" resultType="com.taojin.pojo.TGoodsReviews">
        select *
        from tgoodsreviews
        where goodsId = #{goodsId};
    </select>
    <select id="selectBySearchReviews" resultType="com.taojin.pojo.TGoodsReviews">
        select *
        from tgoodsreviews
        <where>
            <if test="userId != null">
                and userId
                =
                #{userId}
            </if>
            <if test="goodsId != null">
                and goodsId
                =
                #{goodsId}
            </if>
            <if test="time_min != '' and time_min !=null"> and goodsReviewTime &gt;=
            #{time_min}</if>
            <if test="time_max != 0 and time_max != null"> and goodsReviewTime &lt;=
            #{time_max}</if>
        </where>
        ;
    </select>
</mapper>