<?xml version="1.0" encoding="UTF-8" ?>
<!DOCTYPE mapper
        PUBLIC "-//mybatis.org//DTD Mapper 3.0//EN"
        "https://mybatis.org/dtd/mybatis-3-mapper.dtd">
<mapper namespace="com.taojin.mapper.TGoodsTypesMapper" >
<select id="selectAll" resultType="com.taojin.pojo.TGoodsTypes">
        select *
        from tgoodstypes
    </select>
    <select id="selectById" resultType="com.taojin.pojo.TGoodsTypes">
        select *
        from tgoodstypes
        where id = #{id};
    </select>
    <select id="selectByGoodsTypesName" resultType="com.taojin.pojo.TGoodsTypes">
        select *
        from tgoodstypes
        where goodsTypesName = #{goodsTypesName};
    </select>
    <select id="selectTGoodsIdByTypeId" resultType="java.lang.Integer">
        select id
        from tgoods
        where goodsTypeId = #{goodsTypeId};
    </select>
</mapper>