<?xml version="1.0" encoding="UTF-8" ?>
<!DOCTYPE mapper
        PUBLIC "-//mybatis.org//DTD Mapper 3.0//EN"
        "https://mybatis.org/dtd/mybatis-3-mapper.dtd">
<mapper namespace="com.taojin.mapper.TGoodsMapper">
    <insert id="add" useGeneratedKeys="true" keyProperty="id">
        insert into tgoods(userId, goodsName, goodsPrice, goodsStatus, goodsQuantity
        <if test="goodsPicture != '' and goodsPicture != null">,goodsPicture</if>
        <if test="goodsTypeId != '' and goodsTypeId != null">,goodsTypeId</if>
        <if test="goodsDetail != '' and goodsDetail != null">,goodsDetail</if>
        <if test="goodsReviewId != '' and goodsReviewId != null">,goodsReviewId</if>)
        values (#{userId},#{goodsName},#{goodsPrice},#{goodsStatus},#{goodsQuantity}
        <if test="goodsPicture != '' and goodsPicture != null">,
        #{goodsPicture}</if>
        <if test="goodsTypeId != '' and goodsTypeId != null">,
        #{goodsTypeId}</if>
        <if test="goodsDetail != '' and goodsDetail != null">,
        #{goodsDetail}</if>
        <if test="goodsReviewId != '' and goodsReviewId != null">,
        #{goodsReviewId}</if>);
    </insert>
    <update id="update" useGeneratedKeys="true" keyProperty="id">
        update tgoods
        <set>
            <if test="goodsName != '' and goodsName != null">goodsName
            =
            #{goodsName},</if>
            <if test="goodsPicture != '' and goodsPicture != null">goodsPicture
            =
            #{goodsPicture},</if>
            <if test="goodsTypeId != null">goodsTypeId
            =
            #{goodsTypeId},</if>
            <if test="goodsDetail != '' and goodsDetail != null">goodsDetail
            =
            #{goodsDetail},</if>
            <if test="goodsQuantity != null">goodsQuantity
            =
            #{goodsQuantity},</if>
            <if test="goodsPrice != null">goodsPrice
            =
            #{goodsPrice},</if>
            <if test="goodsStatus != null">goodsStatus
            =
            #{goodsStatus},</if>
            <if test="goodsReviewId != null">goodsReviewId
            =
            #{goodsReviewId},</if>
        </set>
        where id=#{id};
    </update>
    <delete id="delete">
        delete from tgoods where id in (
        <foreach collection="ids" item="id" separator=",">
            #{id}
        </foreach>);
    </delete>
    <select id="selectAll" resultType="com.taojin.pojo.TGoods">
        select *
        from tgoods;
    </select>
    <select id="selectAllInRequest" resultType="com.taojin.pojo.TGoods">
        <![CDATA[
        select *
        from tgoods
        where goodsQuantity > 0
          and goodsStatus = 0;
        ]]>
    </select>
    <select id="selectAllInSell" resultType="com.taojin.pojo.TGoods">
        <![CDATA[
        select *
        from tgoods
        where goodsQuantity > 0
          and goodsStatus = 1;
        ]]>
    </select>
    <select id="selectById" resultType="com.taojin.pojo.TGoods">
        select *
        from tgoods
        where id = #{id};
    </select>
    <select id="selectByTGoodsName" resultType="com.taojin.pojo.TGoods">
        select *
        from tgoods
        where goodsName like concat('%', #{goodsName}, '%');
    </select>
    <select id="selectByTGoodsTypeId" resultType="com.taojin.pojo.TGoods">
        select *
        from tgoods
        where goodsTypeId = #{goodsTypeId}
          and goodsStatus = 1;
    </select>
    <select id="selectByTGoodsStatus" resultType="com.taojin.pojo.TGoods">
        select *
        from tgoods
        where goodsStatus = #{goodsStatus};
    </select>
    <select id="selectByTGoodsPriceIn" resultType="com.taojin.pojo.TGoods">
        <![CDATA[
        select *
        from tgoods
        where goodsPrice >= #{min}
          and goodsPrice <= #{max};
        ]]>
    </select>
    <select id="selectByTGoodsPriceMoreThan" resultType="com.taojin.pojo.TGoods">
        <![CDATA[
        select *
        from tgoods
        where goodsPrice >= #{min};
        ]]>
    </select>
    <select id="selectByIds" resultType="com.taojin.pojo.TGoods">
        select * from tgoods
        where id
        in
        <foreach collection="ids" item="id" separator="," open="(" close=")">
            #{id}
        </foreach>;
    </select>
    <select id="selectBySearchOnSaleStr" resultType="com.taojin.pojo.TGoods">
        select *
        from tgoods
        <where>
            <if test="goodsTypeId != 0"> and goodsTypeId =
            #{goodsTypeId}</if>
            <if test="goodsName != null and goodsName !=''"> and goodsName like concat('%',
            #{goodsName},
            '%'
            )</if>
            <if test="price_min != 0 and price_min !=null"> and goodsPrice &gt;=
            #{price_min}</if>
            <if test="price_max != 0 and price_max != null"> and goodsPrice &lt;=
            #{price_max}</if>
            <if test="0 != 1">and goodsStatus = 1</if>
        </where>
        ;
    </select>
    <select id="selectBySearchForBuyingStr" resultType="com.taojin.pojo.TGoods">
        select *
        from tgoods
        <where>
            <if test="goodsTypeId != 0"> and goodsTypeId =
            #{goodsTypeId}</if>
            <if test="goodsName != null and goodsName !=''"> and goodsName like concat('%',
            #{goodsName},
            '%'
            )</if>
            <if test="price_min != 0 and price_min !=null"> and goodsPrice &gt;=
            #{price_min}</if>
            <if test="price_max != 0 and price_max != null"> and goodsPrice &lt;=
            #{price_max}</if>
            <if test="0 != 1">and goodsStatus = 0</if>
        </where>
        ;
    </select>
    <select id="selectByConditions" resultType="com.taojin.pojo.TGoods">
        select *
        from tgoods
        <where>
            <if test="goodsName != null and goodsName !=''"> and goodsName like concat('%',
            #{condition},
            '%'
            )</if>
            <if test="goodsDetail != null and goodsDetail !=''"> and goodsDetail like concat('%',
            #{condition},
            '%'
            )</if>
            <if test="0 != 1">and goodsStatus = 1</if>
        </where>
        ;
    </select>
</mapper>