<?xml version="1.0" encoding="UTF-8" ?>
<!DOCTYPE mapper
        PUBLIC "-//mybatis.org//DTD Mapper 3.0//EN"
        "https://mybatis.org/dtd/mybatis-3-mapper.dtd">
<mapper namespace="com.taojin.mapper.TUsersMapper">
    <!--    <resultMap id="tUsersResultMap" type="com.taojin.pojo.TUsers">-->
    <!--        <result column="user_name" property="user_name" />-->
    <!--    </resultMap>-->
    <insert id="add" useGeneratedKeys="true" keyProperty="id">
        insert into tusers(userName, account, password, gender, userType
        <if test="age != null">,age</if>
        <if test="birthday != null">,birthday</if>
        <if test="telephone != '' and telephone != null">,telephone</if>
        <if test="address != '' and address != null">,address</if>
        <if test="email != '' and email != null">,email</if>
        <if test="avatar != '' and avatar != null">,avatar</if>
        <if test="balance != null">,balance</if>)
        values (#{userName},#{account},#{password},#{gender},#{userType}
        <if test="age != null">,
        #{age}
        </if>
        <if test="birthday != null">,
        #{birthday}
        </if>
        <if test="telephone != '' and telephone != null">,
        #{telephone}
        </if>
        <if test="address != '' and address != null">,
        #{address}
        </if>
        <if test="email != '' and email != null">,
        #{email}
        </if>
        <if test="avatar != '' and avatar != null">,
        #{avatar}
        </if>
        <if test="balance != null">,
        #{balance}</if>);
    </insert>
    <delete id="delete">
        delete from tusers where id in (
        <foreach collection="ids" item="id" separator=",">
            #{id}
        </foreach>);
    </delete>
    <update id="update">
        update tusers
        <set>
            <if test="userName != '' and userName != null">userName
            =
            #{userName},
            </if>
            <if test="account != '' and account != null">account
            =
            #{account},
            </if>
            <if test="password != '' and password != null">password
            =
            #{password},
            </if>
            <if test="gender != null">gender
            =
            #{gender},
            </if>
            <if test="age != null">age
            =
            #{age},
            </if>
            <if test="birthday != null">birthday
            =
            #{birthday},
            </if>
            <if test="telephone != '' and telephone != null">telephone
            =
            #{telephone},
            </if>
            <if test="address != '' and address != null">address
            =
            #{address},
            </if>
            <if test="email != '' and email != null">email
            =
            #{email},
            </if>
            <if test="avatar != '' and avatar != null">avatar
            =
            #{avatar},
            </if>
            <if test="userType != '' and userType != null">userType
            =
            #{userType},
            </if>
            <if test="balance != null">balance
            =
            #{balance},
            </if>
            <if test="status != null">status
            =
            #{status}
            </if>
        </set>
        where id=#{id};
    </update>
    <select id="selectAll" resultType="com.taojin.pojo.TUsers">
        select *
        from tusers;
    </select>
    <select id="selectOnline" resultType="com.taojin.pojo.TUsers">
        select *
        from tusers
        where status = 1;
    </select>
    <select id="selectById" resultType="com.taojin.pojo.TUsers">
        select *
        from tusers
        where id = #{id};
    </select>
    <select id="selectByAccount" resultType="com.taojin.pojo.TUsers">
        select *
        from tusers
        where account = #{account};
    </select>
    <select id="check" resultType="com.taojin.pojo.TUsers">
        select *
        from tusers
        where account = #{account}
          and password = #{password};
    </select>
    <select id="selectBySearchAll" resultType="com.taojin.pojo.TUsers">
        select *
        from tusers
        <where>
            <if test="gender != null">
                and gender=
                #{gender}
            </if>
            <if test="address != null and address !=''">
                and address like concat('%',
                #{address},
                '%'
                )
            </if>
            <if test="age_min != 0 and age_min != null">
                and age &gt;=
                #{age_min}
            </if>
            <if test="age_max != 0 and age_max != null">
                and age &lt;=
                #{age_max}
            </if>
        </where>
        ;
    </select>
    <select id="selectBySearchOnline" resultType="com.taojin.pojo.TUsers">
        select * from tusers
        <where>
            status=1
            <if test="gender != null">
                and gender=
                #{gender}
            </if>
            <if test="address != null and address !=''">
                and address like concat('%',
                #{address},
                '%'
                )
            </if>
            <if test="age_min != 0 and age_min !=null">
                and age &gt;=
                #{age_min}
            </if>
            <if test="age_max != 0 and age_max != null">
                and age &lt;=
                #{age_max}
            </if>
        </where>
        ;
    </select>
    <select id="selectByUserName" resultType="com.taojin.pojo.TUsers">
        select *
        from tusers
        where userName like concat('%', #{userName}, '%');
    </select>
</mapper>